{
  "project_info": {
    "project_number": "660112072804",
    "firebase_url": "https://coolmathgame-54e4a.firebaseio.com",
    "project_id": "coolmathgame-54e4a",
    "storage_bucket": "coolmathgame-54e4a.appspot.com"
  },
  "client": [
    {
      "client_info": {
        "mobilesdk_app_id": "1:660112072804:android:cd03340e126092e9",
        "android_client_info": {
          "package_name": "ml.coppellcoders.coolmathgame"
        }
      },
      "oauth_client": [
        {
          "client_id": "660112072804-igkpr96tq3kh5nbcqtptg1rpq67pjoif.apps.googleusercontent.com",
          "client_type": 3
        }
      ],
      "api_key": [
        {
          "current_key": "AIzaSyBzuTYefo3oJ-JSGQlGIQ55etEB-5O0MVg"
        }
      ],
      "services": {
        "appinvite_service": {
          "other_platform_oauth_client": [
            {
              "client_id": "660112072804-igkpr96tq3kh5nbcqtptg1rpq67pjoif.apps.googleusercontent.com",
              "client_type": 3
            }
          ]
        }
      }
    }
  ],
  "configuration_version": "1"
}